chain_id,residue_number,insertion_code,residue_name_3,residue_name_1,has_N,has_CA,has_C,has_O,ca_x,ca_y,ca_z,dist_from_centroid,environment,seq_index,ss_simple
A,1,,Lys,K,True,True,True,True,2.438999891281128,10.217000007629395,9.791000366210938,14.148949696103521,surface,0,loop
A,2,,Val,V,True,True,True,True,2.306999921798706,14.17199993133545,7.579999923706055,13.469237638947806,surface,1,helix
A,3,,Phe,F,True,True,True,True,-1.187000036239624,15.293000221252441,7.579999923706055,12.696476361694257,core,2,sheet
A,4,,Gly,G,True,True,True,True,-2.63700008392334,17.468000411987305,4.863999843597412,14.780397880049936,surface,3,sheet
A,5,,Arg,R,True,True,True,True,-3.822999954223633,20.763999938964844,5.684999942779541,13.922535997983658,surface,4,helix
A,6,,Cys,C,True,True,True,True,-7.580999851226807,20.104999542236328,4.611000061035156,16.210970289660484,surface,5,helix
A,7,,Glu,E,True,True,True,True,-7.11899995803833,16.413999557495117,6.190999984741211,15.11023770696015,surface,6,helix
A,8,,Leu,L,True,True,True,True,-5.735000133514404,17.534000396728516,9.475000381469727,11.389901443734466,core,7,helix
A,9,,Ala,A,True,True,True,True,-8.371999740600586,19.906999588012695,9.664999961853027,12.35822034674994,core,8,helix
A,10,,Ala,A,True,True,True,True,-11.206000328063965,17.204999923706055,9.475000381469727,14.784205581598139,surface,9,helix
A,11,,Ala,A,True,True,True,True,-9.425999641418457,14.963000297546387,11.74899959564209,12.797993420823264,core,10,helix
A,12,,Met,M,True,True,True,True,-9.295000076293945,17.534000396728516,14.529000282287598,10.326588719594712,core,11,helix
A,13,,Lys,K,True,True,True,True,-12.854000091552734,18.062000274658203,14.213000297546387,13.492572755492402,surface,12,helix
A,14,,Arg,R,True,True,True,True,-13.645000457763672,14.501999855041504,14.213000297546387,15.203697173346718,surface,13,helix
A,15,,His,H,True,True,True,True,-11.864999771118164,14.89799976348877,17.81399917602539,12.655489692273006,core,14,helix
A,16,,Gly,G,True,True,True,True,-13.645000457763672,17.996000289916992,19.77199935913086,13.336577045163832,surface,15,helix
A,17,,Leu,L,True,True,True,True,-10.876999855041504,20.763999938964844,18.635000228881836,10.370491696674668,core,16,helix
A,18,,Asp,D,True,True,True,True,-13.184000015258789,23.070999145507812,16.865999221801758,13.152203451230722,surface,17,helix
A,19,,Asn,N,True,True,True,True,-14.17199993133545,25.70800018310547,19.329999923706055,14.65570655616329,surface,18,helix
A,20,,Tyr,Y,True,True,True,True,-12.656000137329102,24.257999420166016,21.85700035095215,13.011870737474087,surface,19,sheet
A,21,,Arg,R,True,True,True,True,-12.194999694824219,26.69700050354004,24.761999130249023,14.393785598453416,surface,20,helix
A,22,,Gly,G,True,True,True,True,-13.512999534606934,29.13599967956543,22.108999252319336,15.941256554662036,surface,21,helix
A,23,,Tyr,Y,True,True,True,True,-10.086000442504883,28.608999252319336,19.645999908447266,12.636188154776695,core,22,helix
A,24,,Ser,S,True,True,True,True,-11.338000297546387,28.14699935913086,16.17099952697754,13.666463574085292,surface,23,sheet
A,25,,Leu,L,True,True,True,True,-10.54699993133545,25.378999710083008,13.897000312805176,12.401093875861891,core,24,helix
A,26,,Gly,G,True,True,True,True,-8.173999786376953,27.224000930786133,12.001999855041504,12.551703426812715,core,25,helix
A,27,,Asn,N,True,True,True,True,-6.26200008392334,28.27899932861328,15.16100025177002,10.585194650980965,core,26,helix
A,28,,Trp,W,True,True,True,True,-5.603000164031982,24.58799934387207,15.539999961853027,7.557321877216914,core,27,helix
A,29,,Val,V,True,True,True,True,-4.613999843597412,23.731000900268555,11.87600040435791,9.045673532470193,core,28,helix
A,30,,Cys,C,True,True,True,True,-2.1089999675750732,26.69700050354004,11.5600004196167,10.060426807526499,core,29,helix
A,31,,Ala,A,True,True,True,True,-0.7910000085830688,25.84000015258789,14.718000411987305,7.094133340227863,core,30,helix
A,32,,Ala,A,True,True,True,True,-0.1979999989271164,22.47800064086914,14.592000007629395,5.091246635956129,core,31,helix
A,33,,Lys,K,True,True,True,True,1.3839999437332153,23.466999053955078,10.612000465393066,9.33961649842982,core,32,helix
A,34,,Phe,F,True,True,True,True,3.9549999237060547,25.9060001373291,11.74899959564209,10.323443351800494,core,33,helix
A,35,,Glu,E,True,True,True,True,4.679999828338623,23.79599952697754,14.970999717712402,7.5461991276682125,core,34,helix
A,36,,Ser,S,True,True,True,True,4.877999782562256,20.434999465942383,13.454999923706055,7.895314196981256,core,35,sheet
A,37,,Asn,N,True,True,True,True,4.679999828338623,20.631999969482422,9.664999961853027,10.874928126498716,core,36,helix
A,38,,Phe,F,True,True,True,True,1.7799999713897705,18.062000274658203,9.475000381469727,10.260755952945718,core,37,helix
A,39,,Asn,N,True,True,True,True,4.020999908447266,15.753999710083008,10.675999641418457,10.706434115918674,core,38,sheet
A,40,,Thr,T,True,True,True,True,2.9660000801086426,13.843000411987305,13.770999908447266,9.172811124198683,core,39,helix
A,41,,Gln,Q,True,True,True,True,6.723999977111816,12.062999725341797,14.33899974822998,12.042934643997071,core,40,helix
A,42,,Ala,A,True,True,True,True,8.569000244140625,15.293000221252441,14.33899974822998,11.492975854470181,core,41,helix
A,43,,Thr,T,True,True,True,True,10.480999946594238,15.623000144958496,17.750999450683594,12.072166161798394,core,42,sheet
A,44,,Asn,N,True,True,True,True,12.194999694824219,18.78700065612793,19.07699966430664,12.822016273769878,core,43,sheet
A,45,,Arg,R,True,True,True,True,14.765999794006348,19.24799919128418,21.85700035095215,15.563638636986038,surface,44,sheet
A,46,,Asn,N,True,True,True,True,15.16100025177002,22.676000595092773,23.499000549316406,16.433117501553923,surface,45,sheet
A,47,,Thr,T,True,True,True,True,18.589000701904297,23.070999145507812,26.025999069213867,20.480516163029783,surface,46,helix
A,48,,Asp,D,True,True,True,True,17.006999969482422,21.819000244140625,29.5,20.38803977553517,surface,47,helix
A,49,,Gly,G,True,True,True,True,16.479999542236328,17.93000030517578,28.80500030517578,19.681398583362665,surface,48,helix
A,50,,Ser,S,True,True,True,True,13.184000015258789,18.78700065612793,27.604999542236328,16.15778111148455,surface,49,sheet
A,51,,Thr,T,True,True,True,True,11.930999755859375,17.79800033569336,24.256999969482422,13.686551665501534,surface,50,sheet
A,52,,Asp,D,True,True,True,True,8.89900016784668,18.457000732421875,22.108999252319336,10.04651091699072,core,51,sheet
A,53,,Tyr,Y,True,True,True,True,6.986999988555908,15.623000144958496,20.277000427246094,8.945701179666546,core,52,sheet
A,54,,Gly,G,True,True,True,True,4.086999893188477,15.16100025177002,17.687000274658203,7.111955361148765,core,53,sheet
A,55,,Ile,I,True,True,True,True,1.8459999561309814,17.600000381469727,15.413000106811523,5.254776355642364,core,54,helix
A,56,,Leu,L,True,True,True,True,1.187000036239624,19.774999618530273,18.319000244140625,2.0175192941438223,core,55,helix
A,57,,Gln,Q,True,True,True,True,4.745999813079834,19.906999588012695,20.024999618530273,5.358118134723019,core,56,helix
A,58,,Ile,I,True,True,True,True,3.8889999389648438,18.85300064086914,23.37299919128418,6.256255856730826,core,57,sheet
A,59,,Asn,N,True,True,True,True,6.723999977111816,19.24799919128418,25.89900016784668,9.931683555270993,core,58,sheet
A,60,,Ser,S,True,True,True,True,8.041999816894531,16.611000061035156,28.426000595092773,13.133431928368067,surface,59,helix
A,61,,Arg,R,True,True,True,True,8.701000213623047,18.655000686645508,31.332000732421875,15.334025822781026,surface,60,helix
A,62,,Trp,W,True,True,True,True,4.811999797821045,18.78700065612793,32.09000015258789,14.034987174308684,surface,61,sheet
A,63,,Trp,W,True,True,True,True,2.703000068664551,16.875,29.562999725341797,11.393327561594566,core,62,sheet
A,64,,Cys,C,True,True,True,True,4.1529998779296875,13.579000473022461,28.80500030517578,12.647054021643688,core,63,sheet
A,65,,Asn,N,True,True,True,True,6.921000003814697,11.470000267028809,30.19499969482422,15.974098534996918,surface,64,sheet
A,66,,Asp,D,True,True,True,True,9.954000473022461,10.151000022888184,27.857999801635742,16.99539686484217,surface,65,helix
A,67,,Gly,G,True,True,True,True,12.194999694824219,8.833000183105469,30.320999145507812,20.449188524557744,surface,66,helix
A,68,,Arg,R,True,True,True,True,15.029000282287598,11.404000282287598,30.0049991607666,20.94710744112791,surface,67,helix
A,69,,Thr,T,True,True,True,True,13.843000411987305,14.699999809265137,31.07900047302246,19.48090440951307,surface,68,helix
A,70,,Pro,P,True,True,True,True,14.17199993133545,14.831999778747559,34.86899948120117,22.18007222613999,surface,69,helix
A,71,,Gly,G,True,True,True,True,11.864999771118164,17.666000366210938,35.75400161743164,20.849192943720606,surface,70,helix
A,72,,Ser,S,True,True,True,True,9.229000091552734,15.623000144958496,34.805999755859375,18.999036455267863,surface,71,sheet
A,73,,Arg,R,True,True,True,True,5.867000102996826,15.689000129699707,36.25899887084961,18.800739445392264,surface,72,helix
A,74,,Asn,N,True,True,True,True,3.756999969482422,13.711000442504883,33.98500061035156,16.760049812055424,surface,73,helix
A,75,,Leu,L,True,True,True,True,0.7250000238418579,16.01799964904785,33.731998443603516,15.210456236744735,surface,74,helix
A,76,,Cys,C,True,True,True,True,-1.187000036239624,14.107000350952148,30.700000762939453,13.09734461050007,surface,75,helix
A,77,,Asn,N,True,True,True,True,-0.06599999964237213,10.942000389099121,32.279998779296875,16.11496383423355,surface,76,helix
A,78,,Ile,I,True,True,True,True,0.7910000085830688,9.491999626159668,28.679000854492188,14.471559205871966,surface,77,sheet
A,79,,Pro,P,True,True,True,True,4.613999843597412,8.569000244140625,27.54199981689453,15.323095463279477,surface,78,helix
A,80,,Cys,C,True,True,True,True,5.933000087738037,11.206000328063965,24.761999130249023,12.501929655977177,core,79,helix
A,81,,Ser,S,True,True,True,True,5.999000072479248,8.635000228881836,22.298999786376953,13.765749628757721,surface,80,helix
A,82,,Ala,A,True,True,True,True,2.306999921798706,8.107999801635742,22.236000061035156,12.928863548517315,core,81,helix
A,83,,Leu,L,True,True,True,True,2.438999891281128,11.53600025177002,20.84600067138672,9.446436609803792,core,82,helix
A,84,,Leu,L,True,True,True,True,4.020999908447266,10.678999900817871,17.624000549316406,10.807141326996108,core,83,helix
A,85,,Ser,S,True,True,True,True,1.8459999561309814,7.909999847412109,16.361000061035156,12.982951641063652,core,84,sheet
A,86,,Ser,S,True,True,True,True,-0.2639999985694885,8.503000259399414,13.329000473022461,13.229612816409322,surface,85,helix
A,87,,Asp,D,True,True,True,True,-3.427999973297119,8.89900016784668,15.413000106811523,12.408299451274269,core,86,sheet
A,88,,Ile,I,True,True,True,True,-3.822999954223633,12.26099967956543,17.18199920654297,8.967153049188388,core,87,helix
A,89,,Thr,T,True,True,True,True,-5.933000087738037,11.008000373840332,19.961000442504883,10.820127263323327,core,88,helix
A,90,,Ala,A,True,True,True,True,-3.2300000190734863,11.668000221252441,22.424999237060547,9.647090938347796,core,89,helix
A,91,,Ser,S,True,True,True,True,-2.174999952316284,14.765999794006348,21.47800064086914,6.25083975554139,core,90,helix
A,92,,Val,V,True,True,True,True,-5.339000225067139,16.347999572753906,20.909000396728516,6.485105428802288,core,91,helix
A,93,,Asn,N,True,True,True,True,-6.6579999923706055,14.765999794006348,24.256999969482422,9.708970767531468,core,92,helix
A,94,,Cys,C,True,True,True,True,-3.361999988555908,16.083999633789062,25.836000442504883,8.377913831793412,core,93,helix
A,95,,Ala,A,True,True,True,True,-3.690999984741211,19.445999145507812,23.94099998474121,5.7643477899597455,core,94,helix
A,96,,Lys,K,True,True,True,True,-7.052999973297119,19.709999084472656,25.64699935913086,9.189044406849591,core,95,helix
A,97,,Lys,K,True,True,True,True,-5.2729997634887695,20.30299949645996,29.246999740600586,11.104464173767589,core,96,helix
A,98,,Ile,I,True,True,True,True,-2.8350000381469727,22.742000579833984,27.92099952697754,9.325577746205427,core,97,helix
A,99,,Val,V,True,True,True,True,-5.076000213623047,24.85099983215332,26.277999877929688,9.534556219530687,core,98,helix
A,100,,Ser,S,True,True,True,True,-7.580999851226807,24.85099983215332,29.562999725341797,13.31195140075409,surface,99,helix
A,101,,Asp,D,True,True,True,True,-4.943999767303467,25.312999725341797,32.15299987792969,14.550014115500773,surface,100,helix
A,102,,Gly,G,True,True,True,True,-4.48199987411499,29.003999710083008,31.77400016784668,15.761055057413596,surface,101,sheet
A,103,,Asn,N,True,True,True,True,-2.7690000534057617,30.45400047302246,28.679000854492188,14.027991282906202,surface,102,helix
A,104,,Gly,G,True,True,True,True,-4.613999843597412,29.333999633789062,25.89900016784668,11.922083239109117,core,103,sheet
A,105,,Met,M,True,True,True,True,-2.9660000801086426,28.673999786376953,22.740999221801758,9.363471273994525,core,104,helix
A,106,,Asn,N,True,True,True,True,-0.1979999989271164,31.31100082397461,24.003999710083008,11.967403227673842,core,105,helix
A,107,,Ala,A,True,True,True,True,1.3179999589920044,28.21299934387207,25.64699935913086,10.328972264364756,core,106,helix
A,108,,Trp,W,True,True,True,True,2.372999906539917,27.554000854492188,22.108999252319336,8.289649997010208,core,107,helix
A,109,,Val,V,True,True,True,True,5.2729997634887695,29.861000061035156,21.288000106811523,11.332541967936413,core,108,helix
A,110,,Ala,A,True,True,True,True,4.48199987411499,29.465999603271484,17.434999465942383,10.55081619581343,core,109,helix
A,111,,Trp,W,True,True,True,True,0.460999995470047,30.32200050354004,17.18199920654297,10.221234458752978,core,110,helix
A,112,,Arg,R,True,True,True,True,1.3179999589920044,33.28900146484375,19.202999114990234,13.067980875630946,surface,111,helix
A,113,,Asn,N,True,True,True,True,4.218999862670898,34.67300033569336,16.993000030517578,15.249110047563816,surface,112,helix
A,114,,Arg,R,True,True,True,True,2.7690000534057617,33.35499954223633,13.454999923706055,14.595600469794988,surface,113,helix
A,115,,Cys,C,True,True,True,True,-1.121000051498413,32.56399917602539,13.770999908447266,13.379633046286278,surface,114,helix
A,116,,Lys,K,True,True,True,True,-2.372999906539917,34.9370002746582,16.677000045776367,14.916528868851955,surface,115,helix
A,117,,Gly,G,True,True,True,True,-4.1529998779296875,37.638999938964844,15.223999977111816,18.105472315133202,surface,116,helix
A,118,,Thr,T,True,True,True,True,-4.086999893188477,36.51900100708008,11.369999885559082,18.314365492519812,surface,117,sheet
A,119,,Asp,D,True,True,True,True,-7.184999942779541,35.20000076293945,9.475000381469727,18.95871986208535,surface,118,helix
A,120,,Val,V,True,True,True,True,-6.5920000076293945,31.31100082397461,10.675999641418457,15.152554386030987,surface,119,helix
A,121,,Gln,Q,True,True,True,True,-9.954000473022461,30.520000457763672,8.590999603271484,17.460492768645203,surface,120,helix
A,122,,Ala,A,True,True,True,True,-7.843999862670898,30.652000427246094,5.306000232696533,18.782682158203002,surface,121,helix
A,123,,Trp,W,True,True,True,True,-6.26200008392334,27.290000915527344,6.758999824523926,15.359596923408487,surface,122,helix
A,124,,Ile,I,True,True,True,True,-9.755999565124512,25.576000213623047,6.570000171661377,16.494663080368376,surface,123,helix
A,125,,Arg,R,True,True,True,True,-10.876999855041504,27.025999069213867,3.4110000133514404,20.02700273878709,surface,124,sheet
A,126,,Gly,G,True,True,True,True,-11.60200023651123,24.58799934387207,0.6949999928474426,21.981568657316593,surface,125,helix
A,127,,Cys,C,True,True,True,True,-12.32699966430664,21.951000213623047,3.4110000133514404,19.778955001715012,surface,126,sheet
A,128,,Arg,R,True,True,True,True,-15.359000205993652,19.709999084472656,3.6010000705718994,21.53660839646854,surface,127,helix
A,129,,Leu,L,True,True,True,True,-15.95199966430664,19.906999588012695,7.263999938964844,19.510057570725447,surface,128,loop
